Date,City,Hour,Weather,Road_Condition,Vehicles_Involved,Accident_Severity,Casualties
2023-01-01,Salem,11,Clear,Wet,5,Medium,5
2023-01-02,Trichy,11,Clear,Wet,4,Low,1
2023-01-03,Madurai,3,Clear,Damaged,1,Low,3
2023-01-04,Trichy,15,Clear,Wet,5,Low,1
2023-01-05,Trichy,3,Clear,Wet,2,Medium,9
2023-01-06,Coimbatore,4,Foggy,Dry,4,Low,4
2023-01-07,Madurai,23,Clear,Wet,5,Low,6
2023-01-08,Madurai,4,Foggy,Wet,4,High,0
2023-01-09,Madurai,7,Rainy,Dry,4,Low,9
2023-01-10,Trichy,9,Clear,Dry,2,Low,9
2023-01-11,Salem,16,Rainy,Damaged,3,Medium,6
2023-01-12,Madurai,8,Rainy,Wet,5,Medium,9
2023-01-13,Trichy,21,Rainy,Dry,2,High,5
2023-01-14,Coimbatore,18,Foggy,Damaged,4,Low,5
2023-01-15,Salem,13,Rainy,Damaged,2,High,7
2023-01-16,Coimbatore,7,Rainy,Wet,3,Medium,7
2023-01-17,Salem,8,Rainy,Wet,5,High,5
2023-01-18,Trichy,21,Clear,Damaged,3,Medium,2
2023-01-19,Chennai,10,Clear,Dry,1,High,4
2023-01-20,Salem,22,Foggy,Damaged,5,High,1
2023-01-21,Coimbatore,0,Foggy,Wet,3,Low,4
2023-01-22,Trichy,13,Clear,Dry,4,High,8
2023-01-23,Salem,4,Foggy,Dry,5,Low,9
2023-01-24,Chennai,20,Clear,Damaged,5,Low,0
2023-01-25,Chennai,13,Rainy,Wet,2,Low,9
2023-01-26,Madurai,3,Rainy,Damaged,4,Low,4
2023-01-27,Madurai,21,Foggy,Damaged,1,High,5
2023-01-28,Coimbatore,22,Clear,Damaged,3,Medium,6
2023-01-29,Salem,0,Clear,Dry,2,Medium,8
2023-01-30,Salem,21,Foggy,Dry,3,Medium,5
2023-01-31,Madurai,22,Clear,Wet,1,High,4
2023-02-01,Salem,18,Rainy,Wet,1,Low,6
2023-02-02,Salem,7,Foggy,Damaged,5,Medium,0
2023-02-03,Chennai,14,Foggy,Damaged,1,High,4
2023-02-04,Madurai,20,Clear,Damaged,3,Low,1
2023-02-05,Trichy,14,Foggy,Wet,4,Medium,3
2023-02-06,Madurai,8,Clear,Dry,4,Low,6
2023-02-07,Trichy,20,Clear,Dry,5,Medium,4
2023-02-08,Chennai,8,Clear,Damaged,3,Medium,5
2023-02-09,Coimbatore,9,Clear,Damaged,3,Medium,1
2023-02-10,Salem,19,Clear,Damaged,1,Low,2
2023-02-11,Chennai,20,Foggy,Damaged,3,High,6
2023-02-12,Salem,8,Rainy,Wet,2,Low,1
2023-02-13,Coimbatore,2,Rainy,Dry,1,Medium,5
2023-02-14,Coimbatore,19,Foggy,Damaged,2,Low,4
2023-02-15,Chennai,10,Foggy,Wet,5,High,9
2023-02-16,Coimbatore,5,Rainy,Damaged,4,Low,0
2023-02-17,Trichy,1,Rainy,Damaged,5,High,9
2023-02-18,Coimbatore,6,Rainy,Dry,4,High,3
2023-02-19,Salem,17,Rainy,Damaged,5,Low,1
2023-02-20,Salem,1,Rainy,Dry,3,Medium,3
2023-02-21,Salem,16,Clear,Dry,2,High,0
2023-02-22,Salem,10,Foggy,Dry,4,Low,1
2023-02-23,Trichy,11,Clear,Wet,1,High,7
2023-02-24,Madurai,18,Rainy,Wet,2,Medium,5
2023-02-25,Chennai,21,Rainy,Dry,1,Low,1
2023-02-26,Salem,23,Rainy,Damaged,2,Low,5
2023-02-27,Coimbatore,6,Clear,Dry,2,Low,9
2023-02-28,Salem,19,Clear,Damaged,5,Medium,8
2023-03-01,Coimbatore,5,Rainy,Dry,4,High,6
2023-03-02,Coimbatore,20,Clear,Damaged,4,Low,8
2023-03-03,Salem,23,Clear,Wet,2,High,4
2023-03-04,Trichy,0,Rainy,Damaged,3,High,6
2023-03-05,Coimbatore,16,Clear,Dry,3,Medium,6
2023-03-06,Coimbatore,10,Foggy,Wet,1,Low,2
2023-03-07,Salem,21,Foggy,Damaged,1,High,6
2023-03-08,Coimbatore,17,Foggy,Damaged,5,Low,0
2023-03-09,Coimbatore,20,Foggy,Damaged,2,Low,8
2023-03-10,Salem,16,Rainy,Damaged,1,Medium,9
2023-03-11,Salem,6,Rainy,Damaged,1,Low,5
2023-03-12,Chennai,16,Rainy,Wet,2,Low,4
2023-03-13,Trichy,19,Foggy,Wet,5,High,6
2023-03-14,Trichy,8,Foggy,Wet,1,Medium,4
2023-03-15,Coimbatore,16,Clear,Wet,5,Low,9
2023-03-16,Trichy,19,Clear,Dry,4,High,4
2023-03-17,Coimbatore,21,Foggy,Wet,5,Medium,9
2023-03-18,Chennai,21,Foggy,Damaged,3,Medium,6
2023-03-19,Salem,7,Foggy,Damaged,3,High,9
2023-03-20,Salem,16,Foggy,Wet,5,High,6
2023-03-21,Salem,6,Clear,Damaged,3,High,2
2023-03-22,Trichy,0,Foggy,Wet,4,High,2
2023-03-23,Chennai,12,Clear,Damaged,2,High,9
2023-03-24,Trichy,22,Foggy,Dry,3,Low,2
2023-03-25,Trichy,18,Foggy,Dry,3,Low,5
2023-03-26,Chennai,23,Foggy,Wet,5,Medium,5
2023-03-27,Chennai,18,Clear,Wet,4,Low,2
2023-03-28,Chennai,16,Clear,Wet,2,Low,2
2023-03-29,Chennai,12,Rainy,Damaged,5,Low,7
2023-03-30,Salem,15,Foggy,Wet,5,High,7
2023-03-31,Madurai,7,Rainy,Dry,4,Medium,6
2023-04-01,Madurai,18,Rainy,Damaged,2,Medium,9
2023-04-02,Chennai,17,Clear,Wet,4,Medium,3
2023-04-03,Madurai,0,Clear,Damaged,2,Medium,3
2023-04-04,Madurai,13,Rainy,Damaged,4,Low,2
2023-04-05,Chennai,18,Foggy,Wet,5,Low,4
2023-04-06,Madurai,14,Clear,Damaged,5,High,2
2023-04-07,Trichy,17,Foggy,Dry,1,Medium,7
2023-04-08,Coimbatore,1,Foggy,Dry,3,Low,6
2023-04-09,Coimbatore,21,Rainy,Damaged,4,Low,2
2023-04-10,Chennai,16,Rainy,Wet,1,High,8
2023-04-11,Salem,17,Rainy,Damaged,3,High,4
2023-04-12,Chennai,5,Rainy,Dry,4,High,8
2023-04-13,Salem,18,Clear,Damaged,2,Low,6
2023-04-14,Coimbatore,3,Clear,Damaged,3,Low,6
2023-04-15,Chennai,0,Rainy,Dry,5,High,5
2023-04-16,Trichy,7,Clear,Damaged,1,Medium,1
2023-04-17,Madurai,22,Rainy,Damaged,3,High,8
2023-04-18,Salem,6,Foggy,Wet,3,High,5
2023-04-19,Madurai,2,Foggy,Wet,5,High,7
2023-04-20,Madurai,9,Foggy,Dry,4,High,0
2023-04-21,Chennai,9,Rainy,Dry,2,Low,4
2023-04-22,Madurai,18,Foggy,Dry,5,Medium,0
2023-04-23,Trichy,13,Clear,Wet,2,High,9
2023-04-24,Madurai,1,Foggy,Dry,4,Medium,7
2023-04-25,Chennai,0,Foggy,Dry,3,Medium,7
2023-04-26,Trichy,22,Foggy,Dry,2,Medium,0
2023-04-27,Coimbatore,22,Clear,Wet,1,High,8
2023-04-28,Madurai,17,Rainy,Damaged,1,Low,1
2023-04-29,Chennai,6,Clear,Dry,5,High,8
2023-04-30,Coimbatore,7,Rainy,Damaged,4,Medium,0
2023-05-01,Coimbatore,0,Rainy,Dry,5,Medium,9
2023-05-02,Salem,22,Foggy,Damaged,5,Low,8
2023-05-03,Trichy,2,Rainy,Wet,5,High,3
2023-05-04,Madurai,23,Clear,Wet,1,Medium,8
2023-05-05,Chennai,22,Clear,Dry,1,Low,6
2023-05-06,Salem,7,Rainy,Damaged,5,Medium,5
2023-05-07,Trichy,21,Foggy,Wet,1,Low,4
2023-05-08,Salem,14,Foggy,Dry,4,Low,8
2023-05-09,Trichy,4,Clear,Dry,5,High,1
2023-05-10,Trichy,2,Foggy,Wet,1,Medium,1
2023-05-11,Madurai,18,Rainy,Wet,2,High,8
2023-05-12,Trichy,0,Rainy,Dry,5,Medium,2
2023-05-13,Salem,14,Clear,Damaged,5,High,7
2023-05-14,Trichy,7,Rainy,Damaged,4,Medium,8
2023-05-15,Madurai,1,Clear,Damaged,3,High,7
2023-05-16,Madurai,2,Rainy,Dry,3,Low,3
2023-05-17,Salem,23,Clear,Wet,4,Medium,0
2023-05-18,Coimbatore,13,Foggy,Dry,4,Medium,3
2023-05-19,Coimbatore,23,Rainy,Wet,4,Low,8
2023-05-20,Trichy,13,Rainy,Damaged,3,High,1
2023-05-21,Chennai,10,Clear,Damaged,4,Medium,2
2023-05-22,Trichy,15,Clear,Wet,1,Medium,9
2023-05-23,Salem,3,Rainy,Wet,5,High,7
2023-05-24,Salem,19,Clear,Dry,5,Low,5
2023-05-25,Salem,4,Rainy,Damaged,2,High,7
2023-05-26,Salem,21,Foggy,Dry,2,High,6
2023-05-27,Salem,20,Clear,Dry,5,High,4
2023-05-28,Madurai,13,Rainy,Dry,1,Medium,8
2023-05-29,Coimbatore,22,Foggy,Damaged,3,Low,3
2023-05-30,Salem,15,Foggy,Dry,3,Low,5
2023-05-31,Chennai,17,Rainy,Dry,1,High,1
2023-06-01,Chennai,6,Clear,Dry,3,Medium,1
2023-06-02,Chennai,9,Rainy,Dry,4,High,1
2023-06-03,Chennai,6,Foggy,Dry,5,Medium,9
2023-06-04,Madurai,0,Rainy,Dry,5,Medium,6
2023-06-05,Chennai,22,Clear,Damaged,1,Medium,1
2023-06-06,Salem,20,Foggy,Dry,3,Medium,1
2023-06-07,Trichy,18,Rainy,Wet,2,Low,8
2023-06-08,Chennai,15,Clear,Dry,2,Medium,6
2023-06-09,Madurai,18,Foggy,Dry,3,Medium,2
2023-06-10,Madurai,3,Clear,Damaged,2,High,2
2023-06-11,Chennai,17,Foggy,Damaged,1,High,6
2023-06-12,Trichy,1,Rainy,Wet,1,Low,4
2023-06-13,Chennai,0,Clear,Wet,3,High,9
2023-06-14,Madurai,14,Foggy,Damaged,2,Medium,5
2023-06-15,Coimbatore,4,Clear,Damaged,1,High,7
2023-06-16,Salem,19,Clear,Dry,1,Low,8
2023-06-17,Madurai,10,Rainy,Damaged,4,High,0
2023-06-18,Chennai,9,Clear,Wet,4,High,2
2023-06-19,Salem,1,Foggy,Dry,1,Low,6
2023-06-20,Chennai,2,Foggy,Wet,3,Low,5
2023-06-21,Chennai,22,Foggy,Dry,5,Medium,6
2023-06-22,Coimbatore,22,Foggy,Damaged,5,High,7
2023-06-23,Salem,11,Rainy,Wet,1,Medium,5
2023-06-24,Salem,19,Clear,Dry,1,High,2
2023-06-25,Coimbatore,4,Rainy,Dry,1,High,1
2023-06-26,Madurai,4,Clear,Damaged,3,Medium,6
2023-06-27,Chennai,5,Clear,Damaged,4,High,0
2023-06-28,Trichy,8,Clear,Damaged,1,High,2
2023-06-29,Chennai,1,Rainy,Wet,1,High,3
2023-06-30,Chennai,20,Clear,Dry,2,Low,0
2023-07-01,Madurai,11,Rainy,Damaged,3,Medium,4
2023-07-02,Chennai,2,Foggy,Wet,1,Low,9
2023-07-03,Coimbatore,19,Foggy,Wet,2,Medium,2
2023-07-04,Coimbatore,21,Clear,Wet,5,Medium,1
2023-07-05,Salem,11,Rainy,Damaged,1,High,2
2023-07-06,Trichy,23,Foggy,Damaged,1,Medium,7
2023-07-07,Chennai,16,Rainy,Dry,2,Low,5
2023-07-08,Chennai,9,Rainy,Dry,3,Low,6
2023-07-09,Madurai,23,Clear,Damaged,1,Low,5
2023-07-10,Coimbatore,13,Foggy,Wet,5,Medium,5
2023-07-11,Trichy,22,Clear,Wet,1,Low,2
2023-07-12,Salem,16,Clear,Wet,5,Medium,7
2023-07-13,Coimbatore,17,Foggy,Dry,4,Low,6
2023-07-14,Salem,18,Foggy,Wet,4,Low,6
2023-07-15,Madurai,16,Rainy,Dry,5,Medium,5
2023-07-16,Madurai,13,Foggy,Dry,3,Low,4
2023-07-17,Chennai,8,Rainy,Wet,1,High,9
2023-07-18,Trichy,7,Rainy,Wet,1,Medium,7
2023-07-19,Salem,1,Rainy,Damaged,4,Medium,4
2023-07-20,Coimbatore,12,Foggy,Damaged,5,Medium,8
2023-07-21,Madurai,6,Clear,Wet,1,High,8
2023-07-22,Chennai,8,Rainy,Dry,1,Medium,0
2023-07-23,Chennai,21,Clear,Dry,3,Low,5
2023-07-24,Salem,21,Clear,Dry,2,Low,6
2023-07-25,Madurai,10,Foggy,Dry,4,Low,2
2023-07-26,Trichy,13,Clear,Dry,4,Medium,6
2023-07-27,Madurai,3,Clear,Damaged,2,Low,6
2023-07-28,Salem,12,Foggy,Wet,1,Medium,1
2023-07-29,Salem,1,Rainy,Damaged,3,Low,6
2023-07-30,Madurai,22,Clear,Dry,3,High,0
2023-07-31,Salem,4,Foggy,Dry,4,High,4
2023-08-01,Madurai,10,Clear,Dry,3,High,8
2023-08-02,Coimbatore,5,Clear,Dry,2,High,6
2023-08-03,Madurai,17,Rainy,Wet,1,Medium,6
2023-08-04,Madurai,20,Clear,Dry,2,Low,1
2023-08-05,Salem,9,Foggy,Wet,5,High,7
2023-08-06,Salem,3,Clear,Dry,4,Medium,2
2023-08-07,Chennai,8,Rainy,Wet,3,High,7
2023-08-08,Chennai,5,Rainy,Damaged,5,High,2
2023-08-09,Coimbatore,1,Foggy,Dry,3,Medium,9
2023-08-10,Chennai,16,Rainy,Wet,1,Medium,6
2023-08-11,Madurai,4,Clear,Damaged,1,Low,1
2023-08-12,Salem,5,Rainy,Dry,1,Low,3
2023-08-13,Chennai,11,Foggy,Dry,3,High,5
2023-08-14,Chennai,22,Rainy,Dry,5,High,8
2023-08-15,Coimbatore,20,Rainy,Wet,1,Low,4
2023-08-16,Coimbatore,9,Rainy,Wet,5,Low,8
2023-08-17,Madurai,21,Foggy,Damaged,3,Medium,4
2023-08-18,Salem,20,Rainy,Wet,5,Low,9
2023-08-19,Coimbatore,5,Rainy,Wet,3,Low,7
2023-08-20,Chennai,7,Clear,Dry,3,High,0
2023-08-21,Salem,1,Foggy,Dry,4,Low,6
2023-08-22,Salem,11,Rainy,Dry,3,High,3
2023-08-23,Chennai,12,Foggy,Dry,3,Low,4
2023-08-24,Coimbatore,20,Rainy,Dry,2,Medium,5
2023-08-25,Chennai,6,Rainy,Dry,1,Low,4
2023-08-26,Salem,9,Rainy,Dry,4,Low,0
2023-08-27,Trichy,12,Clear,Damaged,4,Low,8
2023-08-28,Trichy,16,Clear,Damaged,4,High,1
2023-08-29,Madurai,20,Clear,Damaged,2,Medium,8
2023-08-30,Chennai,13,Foggy,Damaged,3,Low,9
2023-08-31,Chennai,1,Foggy,Dry,1,High,1
2023-09-01,Madurai,21,Clear,Damaged,5,Medium,8
2023-09-02,Madurai,10,Foggy,Dry,3,High,5
2023-09-03,Madurai,0,Rainy,Damaged,2,High,8
2023-09-04,Salem,18,Rainy,Wet,3,Medium,5
2023-09-05,Chennai,20,Rainy,Damaged,3,Low,5
2023-09-06,Salem,3,Clear,Damaged,2,High,1
2023-09-07,Madurai,18,Foggy,Dry,4,High,7
2023-09-08,Chennai,20,Clear,Damaged,4,Low,2
2023-09-09,Salem,10,Foggy,Wet,1,Low,6
2023-09-10,Salem,7,Rainy,Dry,1,Medium,4
2023-09-11,Madurai,10,Clear,Dry,4,Medium,2
2023-09-12,Chennai,3,Foggy,Damaged,5,Medium,0
2023-09-13,Madurai,16,Foggy,Dry,3,Low,7
2023-09-14,Chennai,6,Rainy,Dry,5,High,2
2023-09-15,Trichy,7,Clear,Dry,3,High,1
2023-09-16,Coimbatore,2,Clear,Dry,4,Medium,0
2023-09-17,Coimbatore,21,Clear,Dry,1,Low,3
2023-09-18,Coimbatore,1,Rainy,Dry,1,High,7
2023-09-19,Madurai,22,Clear,Wet,5,Medium,2
2023-09-20,Trichy,14,Rainy,Damaged,1,High,0
2023-09-21,Chennai,23,Rainy,Wet,4,High,3
2023-09-22,Salem,21,Rainy,Dry,5,Low,8
2023-09-23,Chennai,21,Foggy,Dry,3,Low,0
2023-09-24,Salem,4,Clear,Damaged,1,High,1
2023-09-25,Chennai,23,Clear,Wet,2,Medium,8
2023-09-26,Trichy,0,Rainy,Damaged,1,Low,1
2023-09-27,Salem,3,Rainy,Wet,3,High,2
2023-09-28,Madurai,14,Clear,Dry,5,Low,6
2023-09-29,Chennai,19,Rainy,Damaged,3,Low,2
2023-09-30,Chennai,18,Clear,Damaged,2,Low,8
2023-10-01,Salem,2,Foggy,Dry,4,High,5
2023-10-02,Madurai,19,Rainy,Damaged,1,Medium,2
2023-10-03,Madurai,10,Clear,Wet,5,Medium,8
2023-10-04,Trichy,16,Rainy,Wet,4,Medium,0
2023-10-05,Madurai,12,Clear,Wet,3,Low,9
2023-10-06,Madurai,10,Clear,Wet,5,High,2
2023-10-07,Madurai,1,Rainy,Dry,4,Low,0
2023-10-08,Coimbatore,8,Foggy,Damaged,5,Medium,1
2023-10-09,Trichy,1,Clear,Wet,2,Medium,7
2023-10-10,Chennai,20,Clear,Dry,2,High,6
2023-10-11,Salem,8,Clear,Damaged,1,Low,1
2023-10-12,Chennai,8,Foggy,Damaged,1,Medium,1
2023-10-13,Trichy,7,Foggy,Dry,2,High,8
2023-10-14,Salem,16,Rainy,Dry,5,Low,5
2023-10-15,Trichy,0,Foggy,Wet,2,Low,4
2023-10-16,Madurai,10,Rainy,Damaged,1,Medium,9
2023-10-17,Salem,7,Rainy,Damaged,2,Medium,5
2023-10-18,Madurai,9,Foggy,Dry,2,Low,8
2023-10-19,Chennai,6,Rainy,Damaged,5,Low,6
2023-10-20,Chennai,2,Foggy,Wet,4,Medium,9
2023-10-21,Salem,2,Rainy,Damaged,1,Low,9
2023-10-22,Salem,17,Foggy,Dry,5,Medium,8
2023-10-23,Trichy,4,Foggy,Dry,2,Low,3
2023-10-24,Trichy,11,Rainy,Wet,2,Medium,1
2023-10-25,Madurai,11,Clear,Wet,4,High,7
2023-10-26,Salem,18,Rainy,Damaged,1,Medium,3
2023-10-27,Chennai,5,Foggy,Damaged,1,Medium,8
2023-10-28,Trichy,1,Clear,Dry,3,High,3
2023-10-29,Trichy,11,Rainy,Wet,1,Low,7
2023-10-30,Chennai,18,Rainy,Wet,4,High,8
2023-10-31,Trichy,4,Rainy,Wet,3,Medium,8
2023-11-01,Madurai,11,Clear,Damaged,3,Low,9
2023-11-02,Salem,16,Foggy,Wet,2,High,3
2023-11-03,Chennai,16,Rainy,Dry,2,Low,0
2023-11-04,Salem,9,Rainy,Dry,1,Low,2
2023-11-05,Trichy,22,Rainy,Damaged,3,High,8
2023-11-06,Trichy,16,Rainy,Damaged,2,Low,3
2023-11-07,Chennai,14,Rainy,Wet,4,High,4
2023-11-08,Madurai,11,Foggy,Damaged,2,Medium,6
2023-11-09,Coimbatore,15,Foggy,Dry,2,Low,4
2023-11-10,Chennai,23,Rainy,Wet,3,Medium,3
2023-11-11,Coimbatore,18,Clear,Dry,3,Medium,1
2023-11-12,Coimbatore,7,Foggy,Wet,5,Low,1
2023-11-13,Madurai,20,Clear,Damaged,4,High,3
2023-11-14,Coimbatore,16,Foggy,Wet,3,Low,9
2023-11-15,Coimbatore,22,Rainy,Wet,1,Medium,9
2023-11-16,Madurai,4,Foggy,Dry,4,Medium,8
2023-11-17,Coimbatore,21,Rainy,Dry,4,High,7
2023-11-18,Coimbatore,15,Foggy,Wet,3,Low,2
2023-11-19,Coimbatore,5,Rainy,Damaged,4,Medium,8
2023-11-20,Chennai,7,Rainy,Damaged,3,Medium,4
2023-11-21,Chennai,17,Rainy,Dry,2,Medium,2
2023-11-22,Chennai,11,Rainy,Damaged,5,High,4
2023-11-23,Madurai,14,Clear,Dry,2,Medium,9
2023-11-24,Trichy,8,Rainy,Damaged,3,Medium,3
2023-11-25,Coimbatore,12,Clear,Wet,3,Low,7
2023-11-26,Coimbatore,14,Clear,Dry,2,Low,4
2023-11-27,Madurai,9,Rainy,Dry,1,Medium,9
2023-11-28,Coimbatore,15,Clear,Wet,1,Medium,7
2023-11-29,Chennai,6,Foggy,Dry,1,Low,8
2023-11-30,Trichy,16,Rainy,Damaged,3,High,3
2023-12-01,Salem,22,Clear,Damaged,4,High,6
2023-12-02,Coimbatore,20,Rainy,Dry,3,High,1
2023-12-03,Chennai,21,Rainy,Damaged,4,High,5
2023-12-04,Salem,6,Rainy,Dry,2,High,7
2023-12-05,Trichy,13,Clear,Wet,5,High,6
2023-12-06,Salem,14,Foggy,Dry,4,High,6
2023-12-07,Chennai,20,Foggy,Wet,1,High,7
2023-12-08,Salem,6,Clear,Damaged,3,Low,6
2023-12-09,Madurai,8,Rainy,Wet,2,High,4
2023-12-10,Salem,18,Clear,Damaged,1,High,6
2023-12-11,Coimbatore,15,Clear,Dry,2,High,9
2023-12-12,Coimbatore,7,Clear,Damaged,5,Medium,2
2023-12-13,Madurai,17,Rainy,Dry,3,Low,4
2023-12-14,Chennai,22,Clear,Dry,3,Low,6
2023-12-15,Coimbatore,17,Rainy,Wet,5,Low,8
2023-12-16,Trichy,19,Clear,Wet,3,High,1
2023-12-17,Coimbatore,6,Foggy,Wet,4,High,3
2023-12-18,Coimbatore,2,Clear,Wet,2,Medium,6
2023-12-19,Chennai,17,Clear,Damaged,1,Low,0
2023-12-20,Salem,9,Foggy,Damaged,5,High,1
2023-12-21,Coimbatore,6,Rainy,Damaged,4,Low,8
2023-12-22,Madurai,16,Rainy,Dry,1,Medium,9
2023-12-23,Salem,13,Clear,Damaged,1,Medium,6
2023-12-24,Trichy,23,Foggy,Damaged,5,Medium,9
2023-12-25,Chennai,2,Rainy,Damaged,4,Low,6
2023-12-26,Trichy,11,Clear,Wet,1,High,5
2023-12-27,Salem,12,Foggy,Damaged,1,High,2
2023-12-28,Salem,1,Rainy,Dry,4,Medium,9
2023-12-29,Salem,2,Rainy,Wet,3,High,2
2023-12-30,Trichy,4,Foggy,Dry,1,Medium,1
2023-12-31,Salem,10,Foggy,Damaged,2,Low,5
2024-01-01,Trichy,7,Foggy,Wet,4,Medium,3
2024-01-02,Salem,22,Foggy,Dry,1,Low,4
2024-01-03,Madurai,22,Clear,Damaged,5,Medium,2
2024-01-04,Salem,11,Foggy,Dry,2,High,5
2024-01-05,Trichy,6,Rainy,Dry,1,High,2
2024-01-06,Coimbatore,14,Rainy,Dry,2,Medium,7
2024-01-07,Salem,23,Clear,Damaged,2,High,8
2024-01-08,Coimbatore,16,Rainy,Damaged,3,High,3
2024-01-09,Madurai,3,Rainy,Dry,2,High,8
2024-01-10,Chennai,21,Foggy,Wet,3,Low,6
2024-01-11,Madurai,12,Rainy,Wet,4,High,2
2024-01-12,Salem,17,Clear,Damaged,3,Low,6
2024-01-13,Coimbatore,0,Foggy,Damaged,5,Medium,0
2024-01-14,Coimbatore,15,Foggy,Damaged,1,High,2
2024-01-15,Trichy,12,Clear,Damaged,4,High,5
2024-01-16,Coimbatore,9,Foggy,Damaged,4,High,3
2024-01-17,Trichy,11,Foggy,Wet,5,Medium,6
2024-01-18,Chennai,1,Clear,Damaged,3,Low,2
2024-01-19,Salem,22,Foggy,Dry,1,Low,0
2024-01-20,Trichy,2,Clear,Dry,3,High,8
2024-01-21,Chennai,9,Clear,Wet,2,Medium,5
2024-01-22,Coimbatore,1,Rainy,Dry,3,Medium,7
2024-01-23,Coimbatore,22,Rainy,Wet,4,Medium,2
2024-01-24,Chennai,12,Foggy,Wet,1,Medium,7
2024-01-25,Coimbatore,12,Foggy,Dry,3,Medium,1
2024-01-26,Chennai,17,Clear,Damaged,1,Low,3
2024-01-27,Trichy,2,Foggy,Dry,1,Low,2
2024-01-28,Trichy,6,Clear,Dry,2,Low,9
2024-01-29,Chennai,13,Clear,Wet,2,High,0
2024-01-30,Trichy,19,Foggy,Dry,4,Medium,6
2024-01-31,Trichy,16,Clear,Wet,5,High,9
2024-02-01,Trichy,20,Rainy,Damaged,1,Medium,1
2024-02-02,Madurai,11,Foggy,Damaged,5,Low,3
2024-02-03,Salem,15,Rainy,Damaged,4,High,8
2024-02-04,Coimbatore,23,Foggy,Dry,1,Low,5
2024-02-05,Madurai,11,Clear,Wet,1,Medium,7
2024-02-06,Trichy,14,Foggy,Damaged,5,Medium,1
2024-02-07,Chennai,9,Rainy,Wet,3,Medium,6
2024-02-08,Trichy,6,Clear,Wet,2,Low,5
2024-02-09,Salem,19,Foggy,Damaged,3,Medium,8
2024-02-10,Trichy,4,Foggy,Damaged,5,Low,6
2024-02-11,Chennai,0,Foggy,Wet,2,High,0
2024-02-12,Salem,16,Rainy,Damaged,3,Medium,7
2024-02-13,Trichy,2,Rainy,Wet,2,Medium,9
2024-02-14,Salem,12,Foggy,Wet,1,Medium,2
2024-02-15,Coimbatore,13,Clear,Damaged,3,High,1
2024-02-16,Coimbatore,23,Clear,Dry,2,Medium,2
2024-02-17,Trichy,17,Rainy,Damaged,2,Low,5
2024-02-18,Salem,3,Clear,Dry,2,Low,2
2024-02-19,Chennai,17,Rainy,Wet,3,Medium,9
2024-02-20,Trichy,4,Foggy,Wet,4,Medium,4
2024-02-21,Coimbatore,15,Rainy,Dry,3,High,5
2024-02-22,Coimbatore,0,Rainy,Wet,5,High,7
2024-02-23,Trichy,20,Foggy,Dry,3,High,6
2024-02-24,Salem,13,Clear,Dry,2,Medium,7
2024-02-25,Coimbatore,14,Rainy,Wet,1,High,2
2024-02-26,Salem,8,Rainy,Dry,3,High,3
2024-02-27,Coimbatore,14,Foggy,Damaged,3,Low,5
2024-02-28,Coimbatore,16,Clear,Damaged,2,High,6
2024-02-29,Madurai,23,Rainy,Wet,1,Low,8
2024-03-01,Coimbatore,3,Foggy,Wet,1,Low,0
2024-03-02,Chennai,11,Rainy,Dry,5,High,7
2024-03-03,Trichy,4,Foggy,Dry,3,Low,7
2024-03-04,Trichy,4,Clear,Dry,1,Medium,5
2024-03-05,Salem,10,Clear,Dry,1,Medium,3
2024-03-06,Coimbatore,5,Clear,Damaged,4,High,2
2024-03-07,Chennai,6,Clear,Damaged,4,Medium,2
2024-03-08,Salem,23,Rainy,Wet,1,Low,5
2024-03-09,Madurai,13,Rainy,Dry,5,Medium,7
2024-03-10,Salem,23,Clear,Dry,1,High,6
2024-03-11,Salem,10,Clear,Wet,2,High,0
2024-03-12,Coimbatore,12,Clear,Dry,3,Low,5
2024-03-13,Madurai,1,Rainy,Dry,5,High,6
2024-03-14,Salem,6,Clear,Dry,2,Medium,6
2024-03-15,Chennai,19,Clear,Dry,5,High,8
2024-03-16,Chennai,3,Clear,Dry,2,Low,9
2024-03-17,Trichy,7,Foggy,Wet,3,High,4
2024-03-18,Madurai,19,Clear,Dry,3,Medium,0
2024-03-19,Madurai,21,Foggy,Wet,4,Low,1
2024-03-20,Trichy,20,Foggy,Dry,2,Medium,3
2024-03-21,Salem,18,Clear,Damaged,4,Low,4
2024-03-22,Madurai,12,Foggy,Damaged,2,High,8
2024-03-23,Chennai,13,Clear,Damaged,4,Low,0
2024-03-24,Chennai,9,Rainy,Damaged,3,Low,2
2024-03-25,Coimbatore,10,Rainy,Wet,5,High,4
2024-03-26,Madurai,1,Rainy,Wet,4,Medium,2
2024-03-27,Salem,8,Rainy,Dry,2,High,3
2024-03-28,Trichy,16,Foggy,Damaged,2,Low,2
2024-03-29,Trichy,2,Clear,Wet,3,High,3
2024-03-30,Salem,23,Clear,Dry,2,Low,0
2024-03-31,Coimbatore,5,Clear,Dry,1,High,7
2024-04-01,Trichy,4,Rainy,Wet,5,High,3
2024-04-02,Madurai,4,Rainy,Damaged,4,Medium,6
2024-04-03,Coimbatore,21,Clear,Dry,5,Low,1
2024-04-04,Madurai,14,Rainy,Damaged,3,Medium,1
2024-04-05,Chennai,22,Clear,Damaged,4,Low,5
2024-04-06,Coimbatore,16,Clear,Damaged,4,High,1
2024-04-07,Trichy,8,Clear,Dry,1,Low,5
2024-04-08,Coimbatore,2,Clear,Damaged,3,Medium,1
2024-04-09,Coimbatore,19,Clear,Dry,2,Medium,3
2024-04-10,Coimbatore,16,Clear,Damaged,1,Medium,6
2024-04-11,Coimbatore,9,Clear,Dry,1,Low,7
2024-04-12,Madurai,2,Rainy,Damaged,5,Medium,2
2024-04-13,Chennai,17,Clear,Wet,5,Medium,8
2024-04-14,Salem,17,Clear,Damaged,5,Medium,1
2024-04-15,Coimbatore,16,Rainy,Damaged,1,High,7
2024-04-16,Trichy,23,Rainy,Dry,2,High,7
2024-04-17,Coimbatore,2,Rainy,Dry,4,Low,3
2024-04-18,Trichy,2,Clear,Damaged,5,Low,0
2024-04-19,Madurai,5,Foggy,Wet,2,Medium,0
2024-04-20,Trichy,12,Foggy,Wet,3,High,1
2024-04-21,Salem,23,Rainy,Dry,5,Medium,8
2024-04-22,Chennai,14,Foggy,Wet,4,Medium,1
2024-04-23,Trichy,8,Rainy,Damaged,3,High,1
2024-04-24,Trichy,3,Clear,Dry,3,High,5
2024-04-25,Chennai,13,Foggy,Damaged,4,High,6
2024-04-26,Salem,4,Clear,Dry,5,Low,6
2024-04-27,Coimbatore,1,Foggy,Dry,1,Low,8
2024-04-28,Trichy,10,Clear,Dry,4,Medium,5
2024-04-29,Chennai,8,Foggy,Dry,4,Low,7
2024-04-30,Madurai,23,Clear,Wet,4,High,5
2024-05-01,Chennai,2,Clear,Damaged,3,High,1
2024-05-02,Madurai,8,Foggy,Damaged,2,Low,0
2024-05-03,Salem,2,Clear,Damaged,1,Medium,4
2024-05-04,Coimbatore,1,Clear,Dry,5,Medium,8
2024-05-05,Chennai,11,Clear,Wet,5,Low,7
2024-05-06,Trichy,9,Foggy,Damaged,2,Medium,3
2024-05-07,Salem,8,Foggy,Wet,4,Medium,4
2024-05-08,Chennai,14,Clear,Dry,1,Medium,4
2024-05-09,Trichy,7,Clear,Damaged,5,High,5
2024-05-10,Chennai,4,Foggy,Wet,5,High,2
2024-05-11,Madurai,10,Foggy,Dry,4,Low,4
2024-05-12,Chennai,1,Clear,Wet,2,High,1
2024-05-13,Chennai,23,Clear,Damaged,1,Medium,9
2024-05-14,Chennai,14,Clear,Damaged,2,High,0
2024-05-15,Salem,5,Rainy,Dry,2,Low,0
2024-05-16,Chennai,7,Foggy,Dry,1,High,9
2024-05-17,Trichy,4,Rainy,Dry,1,Medium,6
2024-05-18,Madurai,15,Foggy,Wet,5,Medium,1
2024-05-19,Madurai,17,Foggy,Wet,5,Low,3
2024-05-20,Chennai,5,Foggy,Wet,1,High,4
2024-05-21,Salem,4,Foggy,Dry,3,High,6
2024-05-22,Salem,15,Foggy,Damaged,5,High,1
2024-05-23,Trichy,12,Foggy,Damaged,3,Medium,5
2024-05-24,Chennai,4,Foggy,Wet,1,Low,0
2024-05-25,Madurai,12,Rainy,Wet,5,High,6
2024-05-26,Salem,16,Clear,Damaged,2,Medium,8
2024-05-27,Chennai,17,Clear,Damaged,1,Medium,4
2024-05-28,Salem,7,Rainy,Wet,4,Medium,4
2024-05-29,Salem,12,Rainy,Wet,3,High,3
2024-05-30,Madurai,18,Rainy,Damaged,1,High,2
2024-05-31,Coimbatore,2,Rainy,Dry,1,High,8
2024-06-01,Trichy,23,Foggy,Wet,5,High,4
2024-06-02,Trichy,7,Clear,Damaged,5,High,7
2024-06-03,Madurai,1,Foggy,Damaged,5,High,8
2024-06-04,Salem,7,Clear,Damaged,4,High,4
2024-06-05,Chennai,12,Clear,Damaged,5,High,9
2024-06-06,Salem,12,Rainy,Dry,1,High,8
2024-06-07,Madurai,0,Foggy,Damaged,5,Medium,1
2024-06-08,Trichy,5,Rainy,Wet,2,High,8
2024-06-09,Salem,23,Foggy,Dry,5,Low,3
2024-06-10,Trichy,18,Clear,Damaged,4,Medium,5
2024-06-11,Chennai,15,Rainy,Dry,2,High,5
2024-06-12,Trichy,7,Rainy,Wet,1,Low,5
2024-06-13,Trichy,0,Clear,Damaged,1,High,1
2024-06-14,Coimbatore,15,Clear,Wet,3,Low,6
2024-06-15,Coimbatore,8,Clear,Damaged,2,Low,5
2024-06-16,Coimbatore,12,Rainy,Damaged,3,Low,0
2024-06-17,Trichy,10,Foggy,Damaged,2,Low,1
2024-06-18,Madurai,12,Rainy,Damaged,2,Medium,6
2024-06-19,Trichy,20,Foggy,Damaged,4,Medium,0
2024-06-20,Madurai,9,Rainy,Dry,3,Low,0
2024-06-21,Madurai,3,Rainy,Damaged,4,High,0
2024-06-22,Coimbatore,5,Clear,Damaged,2,Low,7
2024-06-23,Salem,6,Foggy,Dry,1,Medium,3
2024-06-24,Chennai,4,Rainy,Dry,2,High,3
2024-06-25,Coimbatore,10,Rainy,Dry,4,Medium,1
2024-06-26,Coimbatore,12,Clear,Dry,3,Medium,0
2024-06-27,Salem,18,Clear,Dry,3,High,9
2024-06-28,Chennai,22,Foggy,Dry,4,Low,8
2024-06-29,Trichy,9,Rainy,Damaged,3,Low,6
2024-06-30,Trichy,9,Foggy,Damaged,5,Low,3
2024-07-01,Coimbatore,10,Rainy,Wet,1,Low,5
2024-07-02,Chennai,20,Foggy,Damaged,1,High,1
2024-07-03,Coimbatore,6,Clear,Damaged,1,High,6
2024-07-04,Madurai,17,Rainy,Dry,3,High,1
2024-07-05,Coimbatore,3,Foggy,Dry,3,Medium,9
2024-07-06,Coimbatore,1,Clear,Damaged,2,High,7
2024-07-07,Trichy,13,Clear,Wet,2,Low,7
2024-07-08,Trichy,12,Foggy,Dry,1,Medium,0
2024-07-09,Trichy,11,Rainy,Damaged,5,Low,7
2024-07-10,Madurai,6,Rainy,Damaged,2,Low,1
2024-07-11,Trichy,1,Clear,Wet,2,High,5
2024-07-12,Chennai,12,Rainy,Wet,3,High,0
2024-07-13,Salem,13,Rainy,Dry,5,Low,4
2024-07-14,Chennai,16,Rainy,Wet,1,Low,6
2024-07-15,Chennai,8,Clear,Damaged,2,Medium,9
2024-07-16,Trichy,16,Foggy,Damaged,5,High,0
2024-07-17,Salem,7,Rainy,Wet,5,Medium,1
2024-07-18,Salem,1,Clear,Wet,1,Medium,6
2024-07-19,Salem,23,Clear,Wet,5,Medium,5
2024-07-20,Madurai,12,Foggy,Wet,5,Low,2
2024-07-21,Trichy,2,Rainy,Dry,5,Medium,9
2024-07-22,Salem,15,Rainy,Wet,2,Medium,1
2024-07-23,Madurai,5,Foggy,Dry,1,Low,9
2024-07-24,Coimbatore,18,Foggy,Damaged,5,High,3
2024-07-25,Coimbatore,6,Clear,Wet,5,High,2
2024-07-26,Madurai,9,Clear,Dry,2,Medium,6
2024-07-27,Madurai,8,Foggy,Wet,1,Low,7
2024-07-28,Trichy,1,Rainy,Damaged,3,High,1
2024-07-29,Trichy,14,Clear,Damaged,2,Medium,9
2024-07-30,Coimbatore,4,Clear,Damaged,1,Medium,6
2024-07-31,Salem,21,Rainy,Wet,5,Low,7
2024-08-01,Coimbatore,3,Clear,Wet,1,Medium,5
2024-08-02,Salem,19,Rainy,Dry,1,High,5
2024-08-03,Salem,3,Rainy,Damaged,1,Low,9
2024-08-04,Trichy,17,Rainy,Wet,3,High,0
2024-08-05,Chennai,3,Foggy,Damaged,1,High,3
2024-08-06,Chennai,16,Foggy,Damaged,3,High,0
2024-08-07,Madurai,11,Foggy,Dry,5,Medium,3
2024-08-08,Trichy,21,Rainy,Dry,3,Medium,1
2024-08-09,Salem,16,Rainy,Dry,5,High,4
2024-08-10,Chennai,9,Foggy,Dry,5,High,9
2024-08-11,Salem,21,Clear,Damaged,3,Low,8
2024-08-12,Chennai,0,Rainy,Dry,2,Low,9
2024-08-13,Chennai,21,Clear,Dry,4,Medium,2
2024-08-14,Chennai,23,Clear,Dry,1,Medium,7
2024-08-15,Trichy,17,Rainy,Dry,4,Low,2
2024-08-16,Coimbatore,17,Rainy,Damaged,1,High,5
2024-08-17,Salem,13,Clear,Dry,1,Medium,3
2024-08-18,Trichy,14,Clear,Damaged,5,High,7
2024-08-19,Trichy,11,Foggy,Wet,1,Low,5
2024-08-20,Trichy,3,Foggy,Damaged,1,Medium,7
2024-08-21,Trichy,2,Rainy,Damaged,3,Medium,0
2024-08-22,Trichy,19,Foggy,Dry,4,Low,5
2024-08-23,Madurai,11,Foggy,Wet,3,Medium,0
2024-08-24,Salem,6,Foggy,Wet,1,Low,0
2024-08-25,Trichy,10,Foggy,Wet,5,Medium,7
2024-08-26,Salem,0,Clear,Wet,3,Low,6
2024-08-27,Madurai,5,Rainy,Damaged,3,Medium,2
2024-08-28,Madurai,14,Foggy,Wet,2,High,5
2024-08-29,Salem,14,Clear,Damaged,1,High,8
2024-08-30,Chennai,18,Clear,Damaged,5,High,6
2024-08-31,Coimbatore,10,Clear,Damaged,3,Medium,2
2024-09-01,Chennai,22,Foggy,Wet,3,Medium,5
2024-09-02,Chennai,1,Foggy,Dry,5,High,3
2024-09-03,Chennai,13,Rainy,Dry,1,High,2
2024-09-04,Trichy,1,Foggy,Wet,2,Low,8
2024-09-05,Madurai,3,Foggy,Dry,3,Low,9
2024-09-06,Chennai,16,Clear,Dry,2,Low,1
2024-09-07,Madurai,2,Rainy,Damaged,4,High,0
2024-09-08,Salem,12,Foggy,Damaged,1,High,1
2024-09-09,Coimbatore,8,Foggy,Wet,4,High,6
2024-09-10,Salem,6,Clear,Wet,4,Low,9
2024-09-11,Salem,14,Clear,Dry,4,Medium,0
2024-09-12,Trichy,22,Foggy,Damaged,1,High,5
2024-09-13,Coimbatore,10,Rainy,Wet,1,Medium,6
2024-09-14,Salem,19,Rainy,Wet,5,Medium,8
2024-09-15,Salem,1,Clear,Wet,2,Medium,7
2024-09-16,Coimbatore,14,Clear,Wet,2,Low,5
2024-09-17,Coimbatore,13,Foggy,Wet,5,Medium,2
2024-09-18,Salem,19,Clear,Wet,5,High,7
2024-09-19,Coimbatore,21,Foggy,Dry,4,Low,6
2024-09-20,Salem,10,Rainy,Damaged,5,High,2
2024-09-21,Salem,2,Rainy,Damaged,3,High,8
2024-09-22,Trichy,16,Foggy,Wet,2,Low,1
2024-09-23,Chennai,11,Clear,Damaged,5,High,2
2024-09-24,Salem,23,Rainy,Damaged,3,High,1
2024-09-25,Madurai,20,Clear,Damaged,3,Low,0
2024-09-26,Chennai,14,Rainy,Wet,3,High,3
2024-09-27,Chennai,15,Foggy,Wet,3,Medium,4
2024-09-28,Chennai,4,Foggy,Damaged,4,High,5
2024-09-29,Trichy,19,Foggy,Damaged,3,Medium,4
2024-09-30,Salem,5,Rainy,Wet,4,High,0
2024-10-01,Trichy,18,Clear,Dry,4,Low,2
2024-10-02,Salem,4,Clear,Damaged,3,Low,0
2024-10-03,Trichy,2,Clear,Dry,2,High,4
2024-10-04,Trichy,0,Rainy,Damaged,3,Low,4
2024-10-05,Madurai,5,Rainy,Dry,3,High,5
2024-10-06,Trichy,14,Rainy,Dry,3,Low,7
2024-10-07,Coimbatore,1,Rainy,Dry,2,Medium,9
2024-10-08,Madurai,2,Rainy,Wet,1,High,0
2024-10-09,Trichy,16,Clear,Dry,1,Medium,3
2024-10-10,Chennai,23,Rainy,Dry,4,Medium,9
2024-10-11,Coimbatore,11,Rainy,Dry,4,High,0
2024-10-12,Coimbatore,17,Clear,Damaged,2,Medium,8
2024-10-13,Coimbatore,14,Rainy,Dry,5,High,6
2024-10-14,Madurai,11,Clear,Damaged,1,Medium,6
2024-10-15,Trichy,15,Clear,Dry,4,High,4
2024-10-16,Trichy,7,Foggy,Dry,1,High,6
2024-10-17,Chennai,13,Foggy,Wet,2,Low,1
2024-10-18,Chennai,16,Foggy,Damaged,2,High,3
2024-10-19,Coimbatore,20,Foggy,Dry,5,High,6
2024-10-20,Chennai,7,Rainy,Damaged,5,Medium,2
2024-10-21,Madurai,14,Foggy,Damaged,2,High,1
2024-10-22,Trichy,13,Clear,Wet,4,Low,9
2024-10-23,Coimbatore,17,Rainy,Wet,1,Medium,1
2024-10-24,Chennai,19,Foggy,Wet,3,Medium,0
2024-10-25,Madurai,6,Clear,Wet,5,Low,4
2024-10-26,Madurai,2,Rainy,Wet,3,Medium,5
2024-10-27,Chennai,11,Rainy,Wet,4,Medium,5
2024-10-28,Trichy,20,Foggy,Wet,5,Medium,8
2024-10-29,Chennai,23,Rainy,Wet,3,Medium,3
2024-10-30,Coimbatore,2,Clear,Dry,4,Low,0
2024-10-31,Chennai,19,Rainy,Damaged,1,Low,5
2024-11-01,Madurai,13,Clear,Wet,4,Medium,4
2024-11-02,Chennai,14,Rainy,Wet,5,Medium,9
2024-11-03,Trichy,13,Foggy,Damaged,2,Low,5
2024-11-04,Salem,6,Clear,Dry,1,Low,2
2024-11-05,Chennai,16,Rainy,Damaged,3,Low,1
2024-11-06,Trichy,11,Rainy,Damaged,5,Medium,5
2024-11-07,Trichy,19,Rainy,Wet,2,Medium,0
2024-11-08,Madurai,3,Clear,Damaged,4,High,6
2024-11-09,Trichy,8,Clear,Damaged,2,Low,6
2024-11-10,Trichy,5,Clear,Wet,5,Medium,9
2024-11-11,Trichy,15,Foggy,Wet,5,Low,6
2024-11-12,Trichy,21,Foggy,Wet,2,Medium,9
2024-11-13,Coimbatore,21,Clear,Wet,4,Low,0
2024-11-14,Coimbatore,20,Rainy,Damaged,2,Medium,3
2024-11-15,Madurai,20,Foggy,Damaged,5,High,6
2024-11-16,Chennai,1,Clear,Dry,5,High,8
2024-11-17,Trichy,23,Rainy,Dry,3,Low,4
2024-11-18,Chennai,7,Foggy,Damaged,3,Medium,1
2024-11-19,Chennai,10,Rainy,Dry,1,Medium,6
2024-11-20,Madurai,12,Rainy,Damaged,5,Low,9
2024-11-21,Trichy,16,Rainy,Dry,3,Medium,0
2024-11-22,Trichy,7,Rainy,Wet,2,Low,6
2024-11-23,Salem,20,Foggy,Dry,4,Medium,5
2024-11-24,Chennai,17,Foggy,Wet,2,Low,6
2024-11-25,Chennai,17,Foggy,Wet,4,Medium,9
2024-11-26,Coimbatore,13,Clear,Wet,3,Low,2
2024-11-27,Salem,14,Foggy,Wet,1,Medium,2
2024-11-28,Coimbatore,5,Rainy,Dry,2,High,6
2024-11-29,Coimbatore,10,Foggy,Damaged,2,Medium,1
2024-11-30,Coimbatore,12,Rainy,Wet,2,Low,0
2024-12-01,Madurai,0,Clear,Dry,4,High,8
2024-12-02,Madurai,5,Rainy,Wet,3,Medium,8
2024-12-03,Coimbatore,8,Rainy,Dry,2,High,6
2024-12-04,Salem,7,Rainy,Dry,2,Medium,6
2024-12-05,Chennai,10,Clear,Dry,1,High,2
2024-12-06,Salem,21,Foggy,Damaged,1,Low,9
2024-12-07,Trichy,18,Foggy,Dry,3,Medium,1
2024-12-08,Madurai,23,Clear,Dry,3,Medium,6
2024-12-09,Chennai,8,Rainy,Damaged,5,Low,8
2024-12-10,Chennai,16,Foggy,Damaged,1,High,0
2024-12-11,Trichy,11,Clear,Dry,5,Low,3
2024-12-12,Trichy,13,Foggy,Damaged,4,Low,5
2024-12-13,Coimbatore,14,Clear,Wet,5,High,6
2024-12-14,Madurai,15,Rainy,Wet,2,Low,9
2024-12-15,Madurai,21,Foggy,Damaged,5,Medium,6
2024-12-16,Salem,21,Clear,Damaged,3,Medium,9
2024-12-17,Coimbatore,19,Foggy,Dry,4,Medium,1
2024-12-18,Coimbatore,0,Foggy,Damaged,2,Low,3
2024-12-19,Coimbatore,9,Foggy,Dry,5,Medium,4
2024-12-20,Coimbatore,7,Foggy,Wet,4,Medium,0
2024-12-21,Madurai,17,Clear,Damaged,4,Medium,0
2024-12-22,Madurai,0,Rainy,Dry,2,Medium,9
2024-12-23,Coimbatore,1,Clear,Dry,5,Medium,2
2024-12-24,Salem,0,Clear,Wet,4,Medium,9
2024-12-25,Chennai,0,Clear,Damaged,4,Low,2
2024-12-26,Chennai,8,Rainy,Wet,1,Medium,7
2024-12-27,Salem,12,Foggy,Dry,4,Medium,8
2024-12-28,Coimbatore,0,Foggy,Dry,1,High,0
2024-12-29,Madurai,12,Foggy,Damaged,5,Low,1
2024-12-30,Chennai,19,Rainy,Dry,5,Low,9
2024-12-31,Trichy,21,Foggy,Damaged,5,Low,1
2025-01-01,Trichy,6,Rainy,Wet,3,Low,3
2025-01-02,Salem,1,Foggy,Damaged,5,Medium,1
2025-01-03,Coimbatore,5,Foggy,Damaged,4,Medium,6
2025-01-04,Chennai,6,Clear,Dry,2,High,8
2025-01-05,Coimbatore,13,Rainy,Dry,1,High,6
2025-01-06,Chennai,17,Clear,Damaged,3,Low,5
2025-01-07,Salem,14,Clear,Dry,5,High,9
2025-01-08,Salem,1,Clear,Dry,5,High,0
2025-01-09,Trichy,9,Rainy,Dry,2,Low,9
2025-01-10,Coimbatore,22,Rainy,Damaged,2,Low,8
2025-01-11,Trichy,11,Foggy,Dry,3,High,4
2025-01-12,Coimbatore,16,Clear,Damaged,1,Medium,4
2025-01-13,Trichy,7,Foggy,Dry,5,High,5
2025-01-14,Madurai,10,Clear,Wet,3,High,8
2025-01-15,Madurai,2,Rainy,Dry,4,Medium,7
2025-01-16,Madurai,5,Rainy,Dry,4,Medium,7
2025-01-17,Madurai,8,Rainy,Damaged,3,Low,7
2025-01-18,Chennai,5,Clear,Damaged,5,Low,0
2025-01-19,Madurai,8,Rainy,Dry,3,High,0
2025-01-20,Salem,6,Clear,Wet,5,Medium,7
2025-01-21,Salem,8,Foggy,Dry,2,Low,4
2025-01-22,Chennai,17,Clear,Dry,3,High,8
2025-01-23,Madurai,11,Foggy,Wet,5,Medium,1
2025-01-24,Madurai,7,Clear,Damaged,3,High,8
2025-01-25,Madurai,7,Foggy,Dry,3,Low,7
2025-01-26,Trichy,17,Rainy,Damaged,5,Low,8
2025-01-27,Coimbatore,19,Foggy,Damaged,5,Medium,3
2025-01-28,Trichy,14,Rainy,Wet,1,High,0
2025-01-29,Coimbatore,6,Rainy,Wet,3,Medium,0
2025-01-30,Madurai,10,Foggy,Damaged,4,Low,4
2025-01-31,Madurai,19,Clear,Dry,3,Low,1
2025-02-01,Trichy,15,Clear,Damaged,3,High,7
2025-02-02,Trichy,3,Clear,Dry,5,High,9
2025-02-03,Coimbatore,5,Clear,Dry,3,High,4
2025-02-04,Salem,21,Clear,Wet,3,Medium,4
2025-02-05,Coimbatore,2,Rainy,Dry,4,High,1
2025-02-06,Trichy,8,Clear,Dry,5,High,6
2025-02-07,Trichy,9,Rainy,Damaged,3,Low,7
2025-02-08,Chennai,13,Rainy,Wet,2,Low,9
2025-02-09,Trichy,10,Rainy,Dry,1,High,0
2025-02-10,Chennai,17,Foggy,Dry,4,High,1
2025-02-11,Salem,21,Foggy,Wet,3,Low,9
2025-02-12,Coimbatore,11,Rainy,Damaged,2,High,3
2025-02-13,Coimbatore,22,Foggy,Wet,3,Medium,4
2025-02-14,Chennai,11,Clear,Wet,3,Medium,1
2025-02-15,Coimbatore,12,Clear,Dry,5,Medium,0
2025-02-16,Trichy,12,Rainy,Dry,5,High,8
2025-02-17,Madurai,18,Clear,Damaged,5,Low,0
2025-02-18,Chennai,18,Rainy,Dry,2,High,3
2025-02-19,Coimbatore,22,Rainy,Dry,3,High,1
2025-02-20,Chennai,13,Clear,Wet,1,Low,3
2025-02-21,Chennai,3,Foggy,Dry,4,Low,7
2025-02-22,Madurai,12,Clear,Damaged,5,Low,7
2025-02-23,Trichy,7,Clear,Wet,5,Medium,8
2025-02-24,Chennai,22,Rainy,Damaged,3,High,4
2025-02-25,Coimbatore,20,Rainy,Wet,3,Low,6
2025-02-26,Salem,22,Rainy,Dry,2,High,2
2025-02-27,Chennai,18,Rainy,Wet,2,Medium,9
2025-02-28,Chennai,11,Foggy,Wet,5,Medium,3
2025-03-01,Madurai,17,Foggy,Dry,3,Low,9
2025-03-02,Trichy,5,Foggy,Dry,1,Low,8
2025-03-03,Salem,17,Rainy,Damaged,4,High,9
2025-03-04,Coimbatore,18,Rainy,Damaged,3,Low,9
2025-03-05,Salem,21,Rainy,Dry,3,High,0
2025-03-06,Coimbatore,4,Foggy,Dry,2,Low,1
2025-03-07,Trichy,23,Rainy,Dry,4,High,4
2025-03-08,Coimbatore,8,Clear,Wet,5,High,2
2025-03-09,Madurai,2,Clear,Wet,3,High,1
2025-03-10,Madurai,9,Rainy,Wet,5,High,0
2025-03-11,Madurai,18,Clear,Dry,3,Medium,9
2025-03-12,Madurai,2,Clear,Damaged,5,High,2
2025-03-13,Salem,21,Foggy,Dry,4,Low,0
2025-03-14,Trichy,14,Rainy,Wet,2,Medium,0
2025-03-15,Coimbatore,0,Rainy,Wet,4,Medium,0
2025-03-16,Coimbatore,6,Foggy,Dry,1,High,7
2025-03-17,Madurai,11,Clear,Dry,2,Medium,2
2025-03-18,Madurai,16,Clear,Wet,4,High,0
2025-03-19,Chennai,20,Rainy,Wet,1,Low,6
2025-03-20,Trichy,23,Clear,Wet,3,High,9
2025-03-21,Salem,19,Foggy,Dry,3,Medium,2
2025-03-22,Coimbatore,4,Foggy,Wet,5,Low,7
2025-03-23,Chennai,3,Rainy,Wet,2,High,3
2025-03-24,Chennai,11,Foggy,Damaged,3,Low,3
2025-03-25,Coimbatore,19,Foggy,Dry,2,Low,4
2025-03-26,Salem,23,Rainy,Damaged,3,Medium,5
2025-03-27,Chennai,17,Foggy,Damaged,5,Low,6
2025-03-28,Chennai,16,Foggy,Wet,4,Medium,3
2025-03-29,Trichy,18,Foggy,Dry,5,Low,7
2025-03-30,Salem,8,Clear,Wet,1,High,5
2025-03-31,Chennai,3,Rainy,Dry,3,Low,0
2025-04-01,Salem,20,Rainy,Damaged,1,High,0
2025-04-02,Coimbatore,1,Rainy,Dry,1,High,8
2025-04-03,Madurai,3,Clear,Wet,2,Low,9
2025-04-04,Chennai,1,Clear,Wet,3,High,5
2025-04-05,Trichy,14,Rainy,Wet,1,Low,9
2025-04-06,Coimbatore,1,Clear,Dry,4,Low,7
2025-04-07,Salem,3,Rainy,Damaged,1,High,6
2025-04-08,Coimbatore,5,Clear,Damaged,4,High,5
2025-04-09,Chennai,6,Foggy,Dry,2,Medium,3
2025-04-10,Salem,9,Foggy,Wet,1,High,6
2025-04-11,Madurai,18,Rainy,Damaged,5,Medium,8
2025-04-12,Coimbatore,18,Clear,Wet,2,High,9
2025-04-13,Chennai,21,Clear,Dry,4,Low,9
2025-04-14,Trichy,11,Foggy,Wet,2,High,6
2025-04-15,Salem,2,Foggy,Damaged,1,Low,0
2025-04-16,Coimbatore,12,Clear,Damaged,3,Low,9
2025-04-17,Coimbatore,17,Clear,Wet,3,Low,8
2025-04-18,Madurai,7,Clear,Dry,4,Medium,3
2025-04-19,Madurai,20,Clear,Wet,4,High,2
2025-04-20,Trichy,14,Clear,Dry,3,Low,3
2025-04-21,Trichy,0,Clear,Wet,4,Low,3
2025-04-22,Chennai,2,Rainy,Damaged,2,Medium,9
2025-04-23,Chennai,7,Clear,Dry,5,High,1
2025-04-24,Trichy,3,Foggy,Dry,5,High,0
2025-04-25,Trichy,15,Rainy,Dry,2,Medium,9
2025-04-26,Salem,22,Clear,Damaged,5,Medium,0
2025-04-27,Madurai,9,Foggy,Wet,1,High,7
2025-04-28,Chennai,11,Rainy,Damaged,2,Medium,1
2025-04-29,Madurai,13,Foggy,Dry,4,High,9
2025-04-30,Madurai,13,Clear,Wet,2,High,4
2025-05-01,Trichy,1,Clear,Damaged,3,Low,3
2025-05-02,Salem,22,Clear,Dry,4,Low,7
2025-05-03,Coimbatore,4,Clear,Dry,3,High,1
2025-05-04,Salem,4,Rainy,Damaged,4,High,9
2025-05-05,Salem,5,Rainy,Damaged,5,High,8
2025-05-06,Madurai,12,Foggy,Damaged,2,High,6
2025-05-07,Salem,8,Clear,Dry,1,High,6
2025-05-08,Chennai,21,Foggy,Damaged,4,High,0
2025-05-09,Madurai,14,Rainy,Dry,4,Medium,1
2025-05-10,Chennai,13,Clear,Damaged,3,High,3
2025-05-11,Coimbatore,23,Clear,Dry,5,Medium,3
2025-05-12,Madurai,6,Rainy,Dry,3,Medium,2
2025-05-13,Coimbatore,19,Rainy,Wet,3,High,6
2025-05-14,Madurai,1,Rainy,Damaged,5,High,7
2025-05-15,Trichy,6,Rainy,Damaged,1,Medium,1
2025-05-16,Salem,5,Rainy,Dry,3,Medium,3
2025-05-17,Trichy,16,Clear,Dry,3,High,2
2025-05-18,Coimbatore,1,Rainy,Dry,4,High,1
2025-05-19,Salem,2,Clear,Wet,5,Medium,5
2025-05-20,Madurai,4,Clear,Wet,2,Medium,3
2025-05-21,Salem,4,Rainy,Dry,1,Medium,5
2025-05-22,Chennai,0,Rainy,Damaged,1,Low,1
2025-05-23,Salem,7,Clear,Damaged,5,Medium,3
2025-05-24,Chennai,11,Rainy,Wet,4,Low,5
2025-05-25,Salem,23,Rainy,Wet,4,High,4
2025-05-26,Chennai,3,Rainy,Dry,5,High,2
2025-05-27,Coimbatore,12,Foggy,Damaged,4,Medium,7
2025-05-28,Trichy,22,Clear,Dry,1,High,6
2025-05-29,Madurai,14,Foggy,Wet,1,High,2
2025-05-30,Salem,10,Rainy,Damaged,2,High,5
2025-05-31,Trichy,9,Foggy,Damaged,5,High,3
2025-06-01,Madurai,2,Rainy,Wet,3,Low,4
2025-06-02,Madurai,21,Foggy,Dry,3,Low,4
2025-06-03,Chennai,13,Rainy,Dry,2,Medium,6
2025-06-04,Coimbatore,15,Foggy,Damaged,2,Medium,4
2025-06-05,Coimbatore,9,Foggy,Wet,4,Medium,2
2025-06-06,Trichy,9,Foggy,Damaged,2,High,9
2025-06-07,Coimbatore,11,Clear,Wet,2,High,4
2025-06-08,Salem,8,Foggy,Dry,3,Low,6
2025-06-09,Coimbatore,0,Clear,Wet,4,Low,4
2025-06-10,Trichy,4,Rainy,Dry,2,Medium,4
2025-06-11,Coimbatore,19,Foggy,Wet,2,Low,8
2025-06-12,Salem,7,Rainy,Damaged,4,Low,2
2025-06-13,Chennai,10,Rainy,Dry,5,Low,5
2025-06-14,Trichy,11,Foggy,Damaged,4,Low,0
2025-06-15,Chennai,0,Clear,Damaged,3,Low,9
2025-06-16,Chennai,21,Foggy,Dry,5,Medium,4
2025-06-17,Chennai,19,Rainy,Dry,1,Medium,7
2025-06-18,Madurai,10,Rainy,Damaged,4,Low,4
2025-06-19,Madurai,4,Foggy,Damaged,3,Medium,8
2025-06-20,Chennai,14,Clear,Damaged,5,High,5
2025-06-21,Trichy,4,Clear,Damaged,4,Low,7
2025-06-22,Salem,11,Rainy,Dry,2,High,9
2025-06-23,Salem,4,Rainy,Dry,4,Medium,7
2025-06-24,Coimbatore,16,Clear,Damaged,1,Medium,2
2025-06-25,Trichy,16,Foggy,Wet,4,High,6
2025-06-26,Madurai,23,Rainy,Wet,5,Medium,6
2025-06-27,Chennai,11,Clear,Dry,5,Low,9
2025-06-28,Coimbatore,23,Rainy,Damaged,4,High,5
2025-06-29,Salem,14,Foggy,Damaged,5,Low,6
2025-06-30,Madurai,14,Clear,Dry,2,High,1
2025-07-01,Madurai,5,Rainy,Wet,4,Medium,8
2025-07-02,Chennai,11,Foggy,Wet,2,High,9
2025-07-03,Salem,19,Rainy,Wet,2,High,9
2025-07-04,Trichy,17,Foggy,Dry,3,Low,0
2025-07-05,Madurai,13,Foggy,Wet,4,Medium,0
2025-07-06,Chennai,1,Clear,Dry,5,Low,2
2025-07-07,Trichy,8,Foggy,Dry,2,Medium,2
2025-07-08,Salem,4,Rainy,Damaged,3,Low,0
2025-07-09,Madurai,19,Foggy,Wet,4,High,6
2025-07-10,Trichy,0,Foggy,Dry,4,Low,3
2025-07-11,Trichy,22,Clear,Wet,1,Medium,9
2025-07-12,Trichy,2,Foggy,Wet,1,Medium,1
2025-07-13,Madurai,5,Foggy,Damaged,2,High,9
2025-07-14,Madurai,4,Rainy,Wet,1,Medium,4
2025-07-15,Coimbatore,20,Clear,Damaged,2,Low,5
2025-07-16,Salem,4,Clear,Dry,5,High,8
2025-07-17,Chennai,0,Clear,Wet,2,Medium,3
2025-07-18,Trichy,16,Foggy,Dry,1,Medium,1
2025-07-19,Coimbatore,18,Clear,Wet,5,Low,4
2025-07-20,Chennai,13,Foggy,Dry,1,Low,2
2025-07-21,Coimbatore,11,Foggy,Wet,2,High,1
2025-07-22,Madurai,9,Rainy,Wet,3,Medium,0
2025-07-23,Trichy,19,Rainy,Wet,4,Low,9
2025-07-24,Chennai,20,Rainy,Wet,1,High,1
2025-07-25,Chennai,17,Rainy,Wet,2,Medium,5
2025-07-26,Chennai,23,Rainy,Wet,5,Medium,7
2025-07-27,Chennai,10,Foggy,Wet,1,High,2
2025-07-28,Chennai,1,Foggy,Wet,1,High,8
2025-07-29,Coimbatore,17,Clear,Wet,4,Low,8
2025-07-30,Trichy,6,Foggy,Dry,2,Medium,1
2025-07-31,Madurai,23,Foggy,Damaged,3,Medium,7
2025-08-01,Madurai,14,Rainy,Wet,5,Medium,9
2025-08-02,Madurai,10,Foggy,Damaged,2,High,4
2025-08-03,Madurai,17,Rainy,Wet,5,Low,3
2025-08-04,Coimbatore,22,Clear,Wet,1,Medium,9
2025-08-05,Salem,11,Clear,Dry,4,High,4
2025-08-06,Trichy,5,Foggy,Dry,4,Medium,3
2025-08-07,Chennai,19,Clear,Damaged,3,Low,7
2025-08-08,Salem,22,Foggy,Dry,4,Medium,3
2025-08-09,Madurai,12,Clear,Dry,1,Low,9
2025-08-10,Salem,19,Rainy,Damaged,3,Low,5
2025-08-11,Trichy,15,Rainy,Dry,2,Medium,1
2025-08-12,Chennai,17,Rainy,Wet,4,Medium,4
2025-08-13,Chennai,9,Rainy,Damaged,3,Low,5
2025-08-14,Trichy,22,Foggy,Damaged,1,High,4
2025-08-15,Trichy,7,Clear,Wet,5,Low,1
2025-08-16,Madurai,17,Foggy,Dry,5,Medium,6
2025-08-17,Chennai,20,Rainy,Damaged,1,Medium,3
2025-08-18,Salem,0,Foggy,Damaged,1,High,7
2025-08-19,Coimbatore,22,Clear,Wet,5,Low,6
2025-08-20,Coimbatore,7,Foggy,Wet,3,Low,6
2025-08-21,Trichy,5,Clear,Dry,5,Low,8
2025-08-22,Madurai,4,Foggy,Damaged,1,Medium,0
2025-08-23,Coimbatore,14,Clear,Dry,4,Low,9
2025-08-24,Chennai,21,Clear,Dry,2,High,5
2025-08-25,Trichy,14,Rainy,Wet,4,Medium,5
2025-08-26,Salem,1,Clear,Damaged,4,Medium,5
2025-08-27,Trichy,0,Rainy,Damaged,1,Low,5
2025-08-28,Salem,22,Rainy,Damaged,5,High,9
2025-08-29,Trichy,22,Rainy,Wet,3,Medium,6
2025-08-30,Trichy,10,Foggy,Wet,4,Medium,9
2025-08-31,Trichy,9,Foggy,Wet,5,Low,5
2025-09-01,Salem,17,Foggy,Wet,3,Low,0
2025-09-02,Salem,17,Foggy,Wet,4,High,2
2025-09-03,Trichy,16,Clear,Damaged,3,Low,1
2025-09-04,Coimbatore,7,Clear,Dry,5,High,5
2025-09-05,Madurai,14,Foggy,Damaged,2,Medium,7
2025-09-06,Madurai,7,Clear,Dry,5,High,2
2025-09-07,Madurai,16,Clear,Wet,1,High,9
2025-09-08,Salem,11,Rainy,Dry,3,High,7
2025-09-09,Salem,7,Rainy,Damaged,2,Medium,7
2025-09-10,Coimbatore,13,Rainy,Damaged,3,Low,4
2025-09-11,Madurai,3,Rainy,Dry,3,Medium,7
2025-09-12,Madurai,0,Clear,Wet,4,Low,5
2025-09-13,Trichy,0,Foggy,Wet,1,High,4
2025-09-14,Salem,18,Clear,Damaged,3,High,8
2025-09-15,Madurai,15,Clear,Dry,5,High,6
2025-09-16,Coimbatore,13,Clear,Wet,5,High,7
2025-09-17,Coimbatore,20,Rainy,Wet,4,High,0
2025-09-18,Madurai,15,Rainy,Damaged,1,Low,1
2025-09-19,Salem,4,Rainy,Wet,1,Low,7
2025-09-20,Coimbatore,8,Foggy,Dry,5,High,8
2025-09-21,Trichy,1,Clear,Damaged,2,Medium,3
2025-09-22,Coimbatore,17,Foggy,Damaged,4,Medium,9
2025-09-23,Chennai,5,Rainy,Dry,4,High,9
2025-09-24,Chennai,8,Foggy,Damaged,5,Low,8
2025-09-25,Salem,0,Clear,Wet,5,Medium,3
2025-09-26,Madurai,8,Clear,Wet,2,Medium,9
